NUM,Feuillet250K,Region,Feuillet20K,Repertoire,MNT,MHC,MNT_Ombre,Pentes,Courbes_GDB,Courbes_GPKG
2384,31I,TROIS-RIVIÈRES,31I02SE,https://diffusion.mffp.gouv.qc.ca/Diffusion/DonneeGratuite/Foret/IMAGERIE/Produits_derives_LiDAR/31I/31I02SE/,https://diffusion.mffp.gouv.qc.ca/Diffusion/DonneeGratuite/Foret/IMAGERIE/Produits_derives_LiDAR/31I/31I02SE/MNT_31I02SE.tif,https://diffusion.mffp.gouv.qc.ca/Diffusion/DonneeGratuite/Foret/IMAGERIE/Produits_derives_LiDAR/31I/31I02SE/MHC_31I02SE.tif,https://diffusion.mffp.gouv.qc.ca/Diffusion/DonneeGratuite/Foret/IMAGERIE/Produits_derives_LiDAR/31I/31I02SE/MNT_Ombre_31I02SE.tif,https://diffusion.mffp.gouv.qc.ca/Diffusion/DonneeGratuite/Foret/IMAGERIE/Produits_derives_LiDAR/31I/31I02SE/Pentes_31I02SE.tif,https://diffusion.mffp.gouv.qc.ca/Diffusion/DonneeGratuite/Foret/IMAGERIE/Produits_derives_LiDAR/31I/31I02SE/Courbes_31I02SE.gdb.zip,https://diffusion.mffp.gouv.qc.ca/Diffusion/DonneeGratuite/Foret/IMAGERIE/Produits_derives_LiDAR/31I/31I02SE/Courbes_31I02SE.gpkg.zip
2385,31I,TROIS-RIVIÈRES,31I01SO,https://diffusion.mffp.gouv.qc.ca/Diffusion/DonneeGratuite/Foret/IMAGERIE/Produits_derives_LiDAR/31I/31I01SO/,https://diffusion.mffp.gouv.qc.ca/Diffusion/DonneeGratuite/Foret/IMAGERIE/Produits_derives_LiDAR/31I/31I01SO/MNT_31I01SO.tif,https://diffusion.mffp.gouv.qc.ca/Diffusion/DonneeGratuite/Foret/IMAGERIE/Produits_derives_LiDAR/31I/31I01SO/MHC_31I01SO.tif,https://diffusion.mffp.gouv.qc.ca/Diffusion/DonneeGratuite/Foret/IMAGERIE/Produits_derives_LiDAR/31I/31I01SO/MNT_Ombre_31I01SO.tif,https://diffusion.mffp.gouv.qc.ca/Diffusion/DonneeGratuite/Foret/IMAGERIE/Produits_derives_LiDAR/31I/31I01SO/Pentes_31I01SO.tif,https://diffusion.mffp.gouv.qc.ca/Diffusion/DonneeGratuite/Foret/IMAGERIE/Produits_derives_LiDAR/31I/31I01SO/Courbes_31I01SO.gdb.zip,https://diffusion.mffp.gouv.qc.ca/Diffusion/DonneeGratuite/Foret/IMAGERIE/Produits_derives_LiDAR/31I/31I01SO/Courbes_31I01SO.gpkg.zip
2386,31I,TROIS-RIVIÈRES,31I01SE,https://diffusion.mffp.gouv.qc.ca/Diffusion/DonneeGratuite/Foret/IMAGERIE/Produits_derives_LiDAR/31I/31I01SE/,https://diffusion.mffp.gouv.qc.ca/Diffusion/DonneeGratuite/Foret/IMAGERIE/Produits_derives_LiDAR/31I/31I01SE/MNT_31I01SE.tif,https://diffusion.mffp.gouv.qc.ca/Diffusion/DonneeGratuite/Foret/IMAGERIE/Produits_derives_LiDAR/31I/31I01SE/MHC_31I01SE.tif,https://diffusion.mffp.gouv.qc.ca/Diffusion/DonneeGratuite/Foret/IMAGERIE/Produits_derives_LiDAR/31I/31I01SE/MNT_Ombre_31I01SE.tif,https://diffusion.mffp.gouv.qc.ca/Diffusion/DonneeGratuite/Foret/IMAGERIE/Produits_derives_LiDAR/31I/31I01SE/Pentes_31I01SE.tif,https://diffusion.mffp.gouv.qc.ca/Diffusion/DonneeGratuite/Foret/IMAGERIE/Produits_derives_LiDAR/31I/31I01SE/Courbes_31I01SE.gdb.zip,https://diffusion.mffp.gouv.qc.ca/Diffusion/DonneeGratuite/Foret/IMAGERIE/Produits_derives_LiDAR/31I/31I01SE/Courbes_31I01SE.gpkg.zip
2387,21L,QUÉBEC,21L04SO,https://diffusion.mffp.gouv.qc.ca/Diffusion/DonneeGratuite/Foret/IMAGERIE/Produits_derives_LiDAR/21L/21L04SO/,https://diffusion.mffp.gouv.qc.ca/Diffusion/DonneeGratuite/Foret/IMAGERIE/Produits_derives_LiDAR/21L/21L04SO/MNT_21L04SO.tif,https://diffusion.mffp.gouv.qc.ca/Diffusion/DonneeGratuite/Foret/IMAGERIE/Produits_derives_LiDAR/21L/21L04SO/MHC_21L04SO.tif,https://diffusion.mffp.gouv.qc.ca/Diffusion/DonneeGratuite/Foret/IMAGERIE/Produits_derives_LiDAR/21L/21L04SO/MNT_Ombre_21L04SO.tif,https://diffusion.mffp.gouv.qc.ca/Diffusion/DonneeGratuite/Foret/IMAGERIE/Produits_derives_LiDAR/21L/21L04SO/Pentes_21L04SO.tif,https://diffusion.mffp.gouv.qc.ca/Diffusion/DonneeGratuite/Foret/IMAGERIE/Produits_derives_LiDAR/21L/21L04SO/Courbes_21L04SO.gdb.zip,https://diffusion.mffp.gouv.qc.ca/Diffusion/DonneeGratuite/Foret/IMAGERIE/Produits_derives_LiDAR/21L/21L04SO/Courbes_21L04SO.gpkg.zip
2388,21L,QUÉBEC,21L04SE,https://diffusion.mffp.gouv.qc.ca/Diffusion/DonneeGratuite/Foret/IMAGERIE/Produits_derives_LiDAR/21L/21L04SE/,https://diffusion.mffp.gouv.qc.ca/Diffusion/DonneeGratuite/Foret/IMAGERIE/Produits_derives_LiDAR/21L/21L04SE/MNT_21L04SE.tif,https://diffusion.mffp.gouv.qc.ca/Diffusion/DonneeGratuite/Foret/IMAGERIE/Produits_derives_LiDAR/21L/21L04SE/MHC_21L04SE.tif,https://diffusion.mffp.gouv.qc.ca/Diffusion/DonneeGratuite/Foret/IMAGERIE/Produits_derives_LiDAR/21L/21L04SE/MNT_Ombre_21L04SE.tif,https://diffusion.mffp.gouv.qc.ca/Diffusion/DonneeGratuite/Foret/IMAGERIE/Produits_derives_LiDAR/21L/21L04SE/Pentes_21L04SE.tif,https://diffusion.mffp.gouv.qc.ca/Diffusion/DonneeGratuite/Foret/IMAGERIE/Produits_derives_LiDAR/21L/21L04SE/Courbes_21L04SE.gdb.zip,https://diffusion.mffp.gouv.qc.ca/Diffusion/DonneeGratuite/Foret/IMAGERIE/Produits_derives_LiDAR/21L/21L04SE/Courbes_21L04SE.gpkg.zip
2414,31H,MONTRÉAL,31H15NE,https://diffusion.mffp.gouv.qc.ca/Diffusion/DonneeGratuite/Foret/IMAGERIE/Produits_derives_LiDAR/31H/31H15NE/,https://diffusion.mffp.gouv.qc.ca/Diffusion/DonneeGratuite/Foret/IMAGERIE/Produits_derives_LiDAR/31H/31H15NE/MNT_31H15NE.tif,https://diffusion.mffp.gouv.qc.ca/Diffusion/DonneeGratuite/Foret/IMAGERIE/Produits_derives_LiDAR/31H/31H15NE/MHC_31H15NE.tif,https://diffusion.mffp.gouv.qc.ca/Diffusion/DonneeGratuite/Foret/IMAGERIE/Produits_derives_LiDAR/31H/31H15NE/MNT_Ombre_31H15NE.tif,https://diffusion.mffp.gouv.qc.ca/Diffusion/DonneeGratuite/Foret/IMAGERIE/Produits_derives_LiDAR/31H/31H15NE/Pentes_31H15NE.tif,https://diffusion.mffp.gouv.qc.ca/Diffusion/DonneeGratuite/Foret/IMAGERIE/Produits_derives_LiDAR/31H/31H15NE/Courbes_31H15NE.gdb.zip,https://diffusion.mffp.gouv.qc.ca/Diffusion/DonneeGratuite/Foret/IMAGERIE/Produits_derives_LiDAR/31H/31H15NE/Courbes_31H15NE.gpkg.zip
2415,31H,MONTRÉAL,31H16NO,https://diffusion.mffp.gouv.qc.ca/Diffusion/DonneeGratuite/Foret/IMAGERIE/Produits_derives_LiDAR/31H/31H16NO/,https://diffusion.mffp.gouv.qc.ca/Diffusion/DonneeGratuite/Foret/IMAGERIE/Produits_derives_LiDAR/31H/31H16NO/MNT_31H16NO.tif,https://diffusion.mffp.gouv.qc.ca/Diffusion/DonneeGratuite/Foret/IMAGERIE/Produits_derives_LiDAR/31H/31H16NO/MHC_31H16NO.tif,https://diffusion.mffp.gouv.qc.ca/Diffusion/DonneeGratuite/Foret/IMAGERIE/Produits_derives_LiDAR/31H/31H16NO/MNT_Ombre_31H16NO.tif,https://diffusion.mffp.gouv.qc.ca/Diffusion/DonneeGratuite/Foret/IMAGERIE/Produits_derives_LiDAR/31H/31H16NO/Pentes_31H16NO.tif,https://diffusion.mffp.gouv.qc.ca/Diffusion/DonneeGratuite/Foret/IMAGERIE/Produits_derives_LiDAR/31H/31H16NO/Courbes_31H16NO.gdb.zip,https://diffusion.mffp.gouv.qc.ca/Diffusion/DonneeGratuite/Foret/IMAGERIE/Produits_derives_LiDAR/31H/31H16NO/Courbes_31H16NO.gpkg.zip
2416,31H,MONTRÉAL,31H16NE,https://diffusion.mffp.gouv.qc.ca/Diffusion/DonneeGratuite/Foret/IMAGERIE/Produits_derives_LiDAR/31H/31H16NE/,https://diffusion.mffp.gouv.qc.ca/Diffusion/DonneeGratuite/Foret/IMAGERIE/Produits_derives_LiDAR/31H/31H16NE/MNT_31H16NE.tif,https://diffusion.mffp.gouv.qc.ca/Diffusion/DonneeGratuite/Foret/IMAGERIE/Produits_derives_LiDAR/31H/31H16NE/MHC_31H16NE.tif,https://diffusion.mffp.gouv.qc.ca/Diffusion/DonneeGratuite/Foret/IMAGERIE/Produits_derives_LiDAR/31H/31H16NE/MNT_Ombre_31H16NE.tif,https://diffusion.mffp.gouv.qc.ca/Diffusion/DonneeGratuite/Foret/IMAGERIE/Produits_derives_LiDAR/31H/31H16NE/Pentes_31H16NE.tif,https://diffusion.mffp.gouv.qc.ca/Diffusion/DonneeGratuite/Foret/IMAGERIE/Produits_derives_LiDAR/31H/31H16NE/Courbes_31H16NE.gdb.zip,https://diffusion.mffp.gouv.qc.ca/Diffusion/DonneeGratuite/Foret/IMAGERIE/Produits_derives_LiDAR/31H/31H16NE/Courbes_31H16NE.gpkg.zip
2417,21E,SHERBROOKE,21E13NO,https://diffusion.mffp.gouv.qc.ca/Diffusion/DonneeGratuite/Foret/IMAGERIE/Produits_derives_LiDAR/21E/21E13NO/,https://diffusion.mffp.gouv.qc.ca/Diffusion/DonneeGratuite/Foret/IMAGERIE/Produits_derives_LiDAR/21E/21E13NO/MNT_21E13NO.tif,https://diffusion.mffp.gouv.qc.ca/Diffusion/DonneeGratuite/Foret/IMAGERIE/Produits_derives_LiDAR/21E/21E13NO/MHC_21E13NO.tif,https://diffusion.mffp.gouv.qc.ca/Diffusion/DonneeGratuite/Foret/IMAGERIE/Produits_derives_LiDAR/21E/21E13NO/MNT_Ombre_21E13NO.tif,https://diffusion.mffp.gouv.qc.ca/Diffusion/DonneeGratuite/Foret/IMAGERIE/Produits_derives_LiDAR/21E/21E13NO/Pentes_21E13NO.tif,https://diffusion.mffp.gouv.qc.ca/Diffusion/DonneeGratuite/Foret/IMAGERIE/Produits_derives_LiDAR/21E/21E13NO/Courbes_21E13NO.gdb.zip,https://diffusion.mffp.gouv.qc.ca/Diffusion/DonneeGratuite/Foret/IMAGERIE/Produits_derives_LiDAR/21E/21E13NO/Courbes_21E13NO.gpkg.zip
2418,21E,SHERBROOKE,21E13NE,https://diffusion.mffp.gouv.qc.ca/Diffusion/DonneeGratuite/Foret/IMAGERIE/Produits_derives_LiDAR/21E/21E13NE/,https://diffusion.mffp.gouv.qc.ca/Diffusion/DonneeGratuite/Foret/IMAGERIE/Produits_derives_LiDAR/21E/21E13NE/MNT_21E13NE.tif,https://diffusion.mffp.gouv.qc.ca/Diffusion/DonneeGratuite/Foret/IMAGERIE/Produits_derives_LiDAR/21E/21E13NE/MHC_21E13NE.tif,https://diffusion.mffp.gouv.qc.ca/Diffusion/DonneeGratuite/Foret/IMAGERIE/Produits_derives_LiDAR/21E/21E13NE/MNT_Ombre_21E13NE.tif,https://diffusion.mffp.gouv.qc.ca/Diffusion/DonneeGratuite/Foret/IMAGERIE/Produits_derives_LiDAR/21E/21E13NE/Pentes_21E13NE.tif,https://diffusion.mffp.gouv.qc.ca/Diffusion/DonneeGratuite/Foret/IMAGERIE/Produits_derives_LiDAR/21E/21E13NE/Courbes_21E13NE.gdb.zip,https://diffusion.mffp.gouv.qc.ca/Diffusion/DonneeGratuite/Foret/IMAGERIE/Produits_derives_LiDAR/21E/21E13NE/Courbes_21E13NE.gpkg.zip
2443,31H,MONTRÉAL,31H15SE,https://diffusion.mffp.gouv.qc.ca/Diffusion/DonneeGratuite/Foret/IMAGERIE/Produits_derives_LiDAR/31H/31H15SE/,https://diffusion.mffp.gouv.qc.ca/Diffusion/DonneeGratuite/Foret/IMAGERIE/Produits_derives_LiDAR/31H/31H15SE/MNT_31H15SE.tif,https://diffusion.mffp.gouv.qc.ca/Diffusion/DonneeGratuite/Foret/IMAGERIE/Produits_derives_LiDAR/31H/31H15SE/MHC_31H15SE.tif,https://diffusion.mffp.gouv.qc.ca/Diffusion/DonneeGratuite/Foret/IMAGERIE/Produits_derives_LiDAR/31H/31H15SE/MNT_Ombre_31H15SE.tif,https://diffusion.mffp.gouv.qc.ca/Diffusion/DonneeGratuite/Foret/IMAGERIE/Produits_derives_LiDAR/31H/31H15SE/Pentes_31H15SE.tif,https://diffusion.mffp.gouv.qc.ca/Diffusion/DonneeGratuite/Foret/IMAGERIE/Produits_derives_LiDAR/31H/31H15SE/Courbes_31H15SE.gdb.zip,https://diffusion.mffp.gouv.qc.ca/Diffusion/DonneeGratuite/Foret/IMAGERIE/Produits_derives_LiDAR/31H/31H15SE/Courbes_31H15SE.gpkg.zip
2444,31H,MONTRÉAL,31H16SO,https://diffusion.mffp.gouv.qc.ca/Diffusion/DonneeGratuite/Foret/IMAGERIE/Produits_derives_LiDAR/31H/31H16SO/,https://diffusion.mffp.gouv.qc.ca/Diffusion/DonneeGratuite/Foret/IMAGERIE/Produits_derives_LiDAR/31H/31H16SO/MNT_31H16SO.tif,https://diffusion.mffp.gouv.qc.ca/Diffusion/DonneeGratuite/Foret/IMAGERIE/Produits_derives_LiDAR/31H/31H16SO/MHC_31H16SO.tif,https://diffusion.mffp.gouv.qc.ca/Diffusion/DonneeGratuite/Foret/IMAGERIE/Produits_derives_LiDAR/31H/31H16SO/MNT_Ombre_31H16SO.tif,https://diffusion.mffp.gouv.qc.ca/Diffusion/DonneeGratuite/Foret/IMAGERIE/Produits_derives_LiDAR/31H/31H16SO/Pentes_31H16SO.tif,https://diffusion.mffp.gouv.qc.ca/Diffusion/DonneeGratuite/Foret/IMAGERIE/Produits_derives_LiDAR/31H/31H16SO/Courbes_31H16SO.gdb.zip,https://diffusion.mffp.gouv.qc.ca/Diffusion/DonneeGratuite/Foret/IMAGERIE/Produits_derives_LiDAR/31H/31H16SO/Courbes_31H16SO.gpkg.zip
2445,31H,MONTRÉAL,31H16SE,https://diffusion.mffp.gouv.qc.ca/Diffusion/DonneeGratuite/Foret/IMAGERIE/Produits_derives_LiDAR/31H/31H16SE/,https://diffusion.mffp.gouv.qc.ca/Diffusion/DonneeGratuite/Foret/IMAGERIE/Produits_derives_LiDAR/31H/31H16SE/MNT_31H16SE.tif,https://diffusion.mffp.gouv.qc.ca/Diffusion/DonneeGratuite/Foret/IMAGERIE/Produits_derives_LiDAR/31H/31H16SE/MHC_31H16SE.tif,https://diffusion.mffp.gouv.qc.ca/Diffusion/DonneeGratuite/Foret/IMAGERIE/Produits_derives_LiDAR/31H/31H16SE/MNT_Ombre_31H16SE.tif,https://diffusion.mffp.gouv.qc.ca/Diffusion/DonneeGratuite/Foret/IMAGERIE/Produits_derives_LiDAR/31H/31H16SE/Pentes_31H16SE.tif,https://diffusion.mffp.gouv.qc.ca/Diffusion/DonneeGratuite/Foret/IMAGERIE/Produits_derives_LiDAR/31H/31H16SE/Courbes_31H16SE.gdb.zip,https://diffusion.mffp.gouv.qc.ca/Diffusion/DonneeGratuite/Foret/IMAGERIE/Produits_derives_LiDAR/31H/31H16SE/Courbes_31H16SE.gpkg.zip
2446,21E,SHERBROOKE,21E13SO,https://diffusion.mffp.gouv.qc.ca/Diffusion/DonneeGratuite/Foret/IMAGERIE/Produits_derives_LiDAR/21E/21E13SO/,https://diffusion.mffp.gouv.qc.ca/Diffusion/DonneeGratuite/Foret/IMAGERIE/Produits_derives_LiDAR/21E/21E13SO/MNT_21E13SO.tif,https://diffusion.mffp.gouv.qc.ca/Diffusion/DonneeGratuite/Foret/IMAGERIE/Produits_derives_LiDAR/21E/21E13SO/MHC_21E13SO.tif,https://diffusion.mffp.gouv.qc.ca/Diffusion/DonneeGratuite/Foret/IMAGERIE/Produits_derives_LiDAR/21E/21E13SO/MNT_Ombre_21E13SO.tif,https://diffusion.mffp.gouv.qc.ca/Diffusion/DonneeGratuite/Foret/IMAGERIE/Produits_derives_LiDAR/21E/21E13SO/Pentes_21E13SO.tif,https://diffusion.mffp.gouv.qc.ca/Diffusion/DonneeGratuite/Foret/IMAGERIE/Produits_derives_LiDAR/21E/21E13SO/Courbes_21E13SO.gdb.zip,https://diffusion.mffp.gouv.qc.ca/Diffusion/DonneeGratuite/Foret/IMAGERIE/Produits_derives_LiDAR/21E/21E13SO/Courbes_21E13SO.gpkg.zip
2447,21E,SHERBROOKE,21E13SE,https://diffusion.mffp.gouv.qc.ca/Diffusion/DonneeGratuite/Foret/IMAGERIE/Produits_derives_LiDAR/21E/21E13SE/,https://diffusion.mffp.gouv.qc.ca/Diffusion/DonneeGratuite/Foret/IMAGERIE/Produits_derives_LiDAR/21E/21E13SE/MNT_21E13SE.tif,https://diffusion.mffp.gouv.qc.ca/Diffusion/DonneeGratuite/Foret/IMAGERIE/Produits_derives_LiDAR/21E/21E13SE/MHC_21E13SE.tif,https://diffusion.mffp.gouv.qc.ca/Diffusion/DonneeGratuite/Foret/IMAGERIE/Produits_derives_LiDAR/21E/21E13SE/MNT_Ombre_21E13SE.tif,https://diffusion.mffp.gouv.qc.ca/Diffusion/DonneeGratuite/Foret/IMAGERIE/Produits_derives_LiDAR/21E/21E13SE/Pentes_21E13SE.tif,https://diffusion.mffp.gouv.qc.ca/Diffusion/DonneeGratuite/Foret/IMAGERIE/Produits_derives_LiDAR/21E/21E13SE/Courbes_21E13SE.gdb.zip,https://diffusion.mffp.gouv.qc.ca/Diffusion/DonneeGratuite/Foret/IMAGERIE/Produits_derives_LiDAR/21E/21E13SE/Courbes_21E13SE.gpkg.zip
2470,31H,MONTRÉAL,31H10NE,https://diffusion.mffp.gouv.qc.ca/Diffusion/DonneeGratuite/Foret/IMAGERIE/Produits_derives_LiDAR/31H/31H10NE/,https://diffusion.mffp.gouv.qc.ca/Diffusion/DonneeGratuite/Foret/IMAGERIE/Produits_derives_LiDAR/31H/31H10NE/MNT_31H10NE.tif,https://diffusion.mffp.gouv.qc.ca/Diffusion/DonneeGratuite/Foret/IMAGERIE/Produits_derives_LiDAR/31H/31H10NE/MHC_31H10NE.tif,https://diffusion.mffp.gouv.qc.ca/Diffusion/DonneeGratuite/Foret/IMAGERIE/Produits_derives_LiDAR/31H/31H10NE/MNT_Ombre_31H10NE.tif,https://diffusion.mffp.gouv.qc.ca/Diffusion/DonneeGratuite/Foret/IMAGERIE/Produits_derives_LiDAR/31H/31H10NE/Pentes_31H10NE.tif,https://diffusion.mffp.gouv.qc.ca/Diffusion/DonneeGratuite/Foret/IMAGERIE/Produits_derives_LiDAR/31H/31H10NE/Courbes_31H10NE.gdb.zip,https://diffusion.mffp.gouv.qc.ca/Diffusion/DonneeGratuite/Foret/IMAGERIE/Produits_derives_LiDAR/31H/31H10NE/Courbes_31H10NE.gpkg.zip
2471,31H,MONTRÉAL,31H09NO,https://diffusion.mffp.gouv.qc.ca/Diffusion/DonneeGratuite/Foret/IMAGERIE/Produits_derives_LiDAR/31H/31H09NO/,https://diffusion.mffp.gouv.qc.ca/Diffusion/DonneeGratuite/Foret/IMAGERIE/Produits_derives_LiDAR/31H/31H09NO/MNT_31H09NO.tif,https://diffusion.mffp.gouv.qc.ca/Diffusion/DonneeGratuite/Foret/IMAGERIE/Produits_derives_LiDAR/31H/31H09NO/MHC_31H09NO.tif,https://diffusion.mffp.gouv.qc.ca/Diffusion/DonneeGratuite/Foret/IMAGERIE/Produits_derives_LiDAR/31H/31H09NO/MNT_Ombre_31H09NO.tif,https://diffusion.mffp.gouv.qc.ca/Diffusion/DonneeGratuite/Foret/IMAGERIE/Produits_derives_LiDAR/31H/31H09NO/Pentes_31H09NO.tif,https://diffusion.mffp.gouv.qc.ca/Diffusion/DonneeGratuite/Foret/IMAGERIE/Produits_derives_LiDAR/31H/31H09NO/Courbes_31H09NO.gdb.zip,https://diffusion.mffp.gouv.qc.ca/Diffusion/DonneeGratuite/Foret/IMAGERIE/Produits_derives_LiDAR/31H/31H09NO/Courbes_31H09NO.gpkg.zip
2472,31H,MONTRÉAL,31H09NE,https://diffusion.mffp.gouv.qc.ca/Diffusion/DonneeGratuite/Foret/IMAGERIE/Produits_derives_LiDAR/31H/31H09NE/,https://diffusion.mffp.gouv.qc.ca/Diffusion/DonneeGratuite/Foret/IMAGERIE/Produits_derives_LiDAR/31H/31H09NE/MNT_31H09NE.tif,https://diffusion.mffp.gouv.qc.ca/Diffusion/DonneeGratuite/Foret/IMAGERIE/Produits_derives_LiDAR/31H/31H09NE/MHC_31H09NE.tif,https://diffusion.mffp.gouv.qc.ca/Diffusion/DonneeGratuite/Foret/IMAGERIE/Produits_derives_LiDAR/31H/31H09NE/MNT_Ombre_31H09NE.tif,https://diffusion.mffp.gouv.qc.ca/Diffusion/DonneeGratuite/Foret/IMAGERIE/Produits_derives_LiDAR/31H/31H09NE/Pentes_31H09NE.tif,https://diffusion.mffp.gouv.qc.ca/Diffusion/DonneeGratuite/Foret/IMAGERIE/Produits_derives_LiDAR/31H/31H09NE/Courbes_31H09NE.gdb.zip,https://diffusion.mffp.gouv.qc.ca/Diffusion/DonneeGratuite/Foret/IMAGERIE/Produits_derives_LiDAR/31H/31H09NE/Courbes_31H09NE.gpkg.zip
2473,21E,SHERBROOKE,21E12NO,https://diffusion.mffp.gouv.qc.ca/Diffusion/DonneeGratuite/Foret/IMAGERIE/Produits_derives_LiDAR/21E/21E12NO/,https://diffusion.mffp.gouv.qc.ca/Diffusion/DonneeGratuite/Foret/IMAGERIE/Produits_derives_LiDAR/21E/21E12NO/MNT_21E12NO.tif,https://diffusion.mffp.gouv.qc.ca/Diffusion/DonneeGratuite/Foret/IMAGERIE/Produits_derives_LiDAR/21E/21E12NO/MHC_21E12NO.tif,https://diffusion.mffp.gouv.qc.ca/Diffusion/DonneeGratuite/Foret/IMAGERIE/Produits_derives_LiDAR/21E/21E12NO/MNT_Ombre_21E12NO.tif,https://diffusion.mffp.gouv.qc.ca/Diffusion/DonneeGratuite/Foret/IMAGERIE/Produits_derives_LiDAR/21E/21E12NO/Pentes_21E12NO.tif,https://diffusion.mffp.gouv.qc.ca/Diffusion/DonneeGratuite/Foret/IMAGERIE/Produits_derives_LiDAR/21E/21E12NO/Courbes_21E12NO.gdb.zip,https://diffusion.mffp.gouv.qc.ca/Diffusion/DonneeGratuite/Foret/IMAGERIE/Produits_derives_LiDAR/21E/21E12NO/Courbes_21E12NO.gpkg.zip
2474,21E,SHERBROOKE,21E12NE,https://diffusion.mffp.gouv.qc.ca/Diffusion/DonneeGratuite/Foret/IMAGERIE/Produits_derives_LiDAR/21E/21E12NE/,https://diffusion.mffp.gouv.qc.ca/Diffusion/DonneeGratuite/Foret/IMAGERIE/Produits_derives_LiDAR/21E/21E12NE/MNT_21E12NE.tif,https://diffusion.mffp.gouv.qc.ca/Diffusion/DonneeGratuite/Foret/IMAGERIE/Produits_derives_LiDAR/21E/21E12NE/MHC_21E12NE.tif,https://diffusion.mffp.gouv.qc.ca/Diffusion/DonneeGratuite/Foret/IMAGERIE/Produits_derives_LiDAR/21E/21E12NE/MNT_Ombre_21E12NE.tif,https://diffusion.mffp.gouv.qc.ca/Diffusion/DonneeGratuite/Foret/IMAGERIE/Produits_derives_LiDAR/21E/21E12NE/Pentes_21E12NE.tif,https://diffusion.mffp.gouv.qc.ca/Diffusion/DonneeGratuite/Foret/IMAGERIE/Produits_derives_LiDAR/21E/21E12NE/Courbes_21E12NE.gdb.zip,https://diffusion.mffp.gouv.qc.ca/Diffusion/DonneeGratuite/Foret/IMAGERIE/Produits_derives_LiDAR/21E/21E12NE/Courbes_21E12NE.gpkg.zip
2496,31H,MONTRÉAL,31H10SE,https://diffusion.mffp.gouv.qc.ca/Diffusion/DonneeGratuite/Foret/IMAGERIE/Produits_derives_LiDAR/31H/31H10SE/,https://diffusion.mffp.gouv.qc.ca/Diffusion/DonneeGratuite/Foret/IMAGERIE/Produits_derives_LiDAR/31H/31H10SE/MNT_31H10SE.tif,https://diffusion.mffp.gouv.qc.ca/Diffusion/DonneeGratuite/Foret/IMAGERIE/Produits_derives_LiDAR/31H/31H10SE/MHC_31H10SE.tif,https://diffusion.mffp.gouv.qc.ca/Diffusion/DonneeGratuite/Foret/IMAGERIE/Produits_derives_LiDAR/31H/31H10SE/MNT_Ombre_31H10SE.tif,https://diffusion.mffp.gouv.qc.ca/Diffusion/DonneeGratuite/Foret/IMAGERIE/Produits_derives_LiDAR/31H/31H10SE/Pentes_31H10SE.tif,https://diffusion.mffp.gouv.qc.ca/Diffusion/DonneeGratuite/Foret/IMAGERIE/Produits_derives_LiDAR/31H/31H10SE/Courbes_31H10SE.gdb.zip,https://diffusion.mffp.gouv.qc.ca/Diffusion/DonneeGratuite/Foret/IMAGERIE/Produits_derives_LiDAR/31H/31H10SE/Courbes_31H10SE.gpkg.zip
2497,31H,MONTRÉAL,31H09SO,https://diffusion.mffp.gouv.qc.ca/Diffusion/DonneeGratuite/Foret/IMAGERIE/Produits_derives_LiDAR/31H/31H09SO/,https://diffusion.mffp.gouv.qc.ca/Diffusion/DonneeGratuite/Foret/IMAGERIE/Produits_derives_LiDAR/31H/31H09SO/MNT_31H09SO.tif,https://diffusion.mffp.gouv.qc.ca/Diffusion/DonneeGratuite/Foret/IMAGERIE/Produits_derives_LiDAR/31H/31H09SO/MHC_31H09SO.tif,https://diffusion.mffp.gouv.qc.ca/Diffusion/DonneeGratuite/Foret/IMAGERIE/Produits_derives_LiDAR/31H/31H09SO/MNT_Ombre_31H09SO.tif,https://diffusion.mffp.gouv.qc.ca/Diffusion/DonneeGratuite/Foret/IMAGERIE/Produits_derives_LiDAR/31H/31H09SO/Pentes_31H09SO.tif,https://diffusion.mffp.gouv.qc.ca/Diffusion/DonneeGratuite/Foret/IMAGERIE/Produits_derives_LiDAR/31H/31H09SO/Courbes_31H09SO.gdb.zip,https://diffusion.mffp.gouv.qc.ca/Diffusion/DonneeGratuite/Foret/IMAGERIE/Produits_derives_LiDAR/31H/31H09SO/Courbes_31H09SO.gpkg.zip
2498,31H,MONTRÉAL,31H09SE,https://diffusion.mffp.gouv.qc.ca/Diffusion/DonneeGratuite/Foret/IMAGERIE/Produits_derives_LiDAR/31H/31H09SE/,https://diffusion.mffp.gouv.qc.ca/Diffusion/DonneeGratuite/Foret/IMAGERIE/Produits_derives_LiDAR/31H/31H09SE/MNT_31H09SE.tif,https://diffusion.mffp.gouv.qc.ca/Diffusion/DonneeGratuite/Foret/IMAGERIE/Produits_derives_LiDAR/31H/31H09SE/MHC_31H09SE.tif,https://diffusion.mffp.gouv.qc.ca/Diffusion/DonneeGratuite/Foret/IMAGERIE/Produits_derives_LiDAR/31H/31H09SE/MNT_Ombre_31H09SE.tif,https://diffusion.mffp.gouv.qc.ca/Diffusion/DonneeGratuite/Foret/IMAGERIE/Produits_derives_LiDAR/31H/31H09SE/Pentes_31H09SE.tif,https://diffusion.mffp.gouv.qc.ca/Diffusion/DonneeGratuite/Foret/IMAGERIE/Produits_derives_LiDAR/31H/31H09SE/Courbes_31H09SE.gdb.zip,https://diffusion.mffp.gouv.qc.ca/Diffusion/DonneeGratuite/Foret/IMAGERIE/Produits_derives_LiDAR/31H/31H09SE/Courbes_31H09SE.gpkg.zip
2499,21E,SHERBROOKE,21E12SO,https://diffusion.mffp.gouv.qc.ca/Diffusion/DonneeGratuite/Foret/IMAGERIE/Produits_derives_LiDAR/21E/21E12SO/,https://diffusion.mffp.gouv.qc.ca/Diffusion/DonneeGratuite/Foret/IMAGERIE/Produits_derives_LiDAR/21E/21E12SO/MNT_21E12SO.tif,https://diffusion.mffp.gouv.qc.ca/Diffusion/DonneeGratuite/Foret/IMAGERIE/Produits_derives_LiDAR/21E/21E12SO/MHC_21E12SO.tif,https://diffusion.mffp.gouv.qc.ca/Diffusion/DonneeGratuite/Foret/IMAGERIE/Produits_derives_LiDAR/21E/21E12SO/MNT_Ombre_21E12SO.tif,https://diffusion.mffp.gouv.qc.ca/Diffusion/DonneeGratuite/Foret/IMAGERIE/Produits_derives_LiDAR/21E/21E12SO/Pentes_21E12SO.tif,https://diffusion.mffp.gouv.qc.ca/Diffusion/DonneeGratuite/Foret/IMAGERIE/Produits_derives_LiDAR/21E/21E12SO/Courbes_21E12SO.gdb.zip,https://diffusion.mffp.gouv.qc.ca/Diffusion/DonneeGratuite/Foret/IMAGERIE/Produits_derives_LiDAR/21E/21E12SO/Courbes_21E12SO.gpkg.zip
2500,21E,SHERBROOKE,21E12SE,https://diffusion.mffp.gouv.qc.ca/Diffusion/DonneeGratuite/Foret/IMAGERIE/Produits_derives_LiDAR/21E/21E12SE/,https://diffusion.mffp.gouv.qc.ca/Diffusion/DonneeGratuite/Foret/IMAGERIE/Produits_derives_LiDAR/21E/21E12SE/MNT_21E12SE.tif,https://diffusion.mffp.gouv.qc.ca/Diffusion/DonneeGratuite/Foret/IMAGERIE/Produits_derives_LiDAR/21E/21E12SE/MHC_21E12SE.tif,https://diffusion.mffp.gouv.qc.ca/Diffusion/DonneeGratuite/Foret/IMAGERIE/Produits_derives_LiDAR/21E/21E12SE/MNT_Ombre_21E12SE.tif,https://diffusion.mffp.gouv.qc.ca/Diffusion/DonneeGratuite/Foret/IMAGERIE/Produits_derives_LiDAR/21E/21E12SE/Pentes_21E12SE.tif,https://diffusion.mffp.gouv.qc.ca/Diffusion/DonneeGratuite/Foret/IMAGERIE/Produits_derives_LiDAR/21E/21E12SE/Courbes_21E12SE.gdb.zip,https://diffusion.mffp.gouv.qc.ca/Diffusion/DonneeGratuite/Foret/IMAGERIE/Produits_derives_LiDAR/21E/21E12SE/Courbes_21E12SE.gpkg.zip
2516,31H,MONTRÉAL,31H07NE,https://diffusion.mffp.gouv.qc.ca/Diffusion/DonneeGratuite/Foret/IMAGERIE/Produits_derives_LiDAR/31H/31H07NE/,https://diffusion.mffp.gouv.qc.ca/Diffusion/DonneeGratuite/Foret/IMAGERIE/Produits_derives_LiDAR/31H/31H07NE/MNT_31H07NE.tif,https://diffusion.mffp.gouv.qc.ca/Diffusion/DonneeGratuite/Foret/IMAGERIE/Produits_derives_LiDAR/31H/31H07NE/MHC_31H07NE.tif,https://diffusion.mffp.gouv.qc.ca/Diffusion/DonneeGratuite/Foret/IMAGERIE/Produits_derives_LiDAR/31H/31H07NE/MNT_Ombre_31H07NE.tif,https://diffusion.mffp.gouv.qc.ca/Diffusion/DonneeGratuite/Foret/IMAGERIE/Produits_derives_LiDAR/31H/31H07NE/Pentes_31H07NE.tif,https://diffusion.mffp.gouv.qc.ca/Diffusion/DonneeGratuite/Foret/IMAGERIE/Produits_derives_LiDAR/31H/31H07NE/Courbes_31H07NE.gdb.zip,https://diffusion.mffp.gouv.qc.ca/Diffusion/DonneeGratuite/Foret/IMAGERIE/Produits_derives_LiDAR/31H/31H07NE/Courbes_31H07NE.gpkg.zip
2517,31H,MONTRÉAL,31H08NO,https://diffusion.mffp.gouv.qc.ca/Diffusion/DonneeGratuite/Foret/IMAGERIE/Produits_derives_LiDAR/31H/31H08NO/,https://diffusion.mffp.gouv.qc.ca/Diffusion/DonneeGratuite/Foret/IMAGERIE/Produits_derives_LiDAR/31H/31H08NO/MNT_31H08NO.tif,https://diffusion.mffp.gouv.qc.ca/Diffusion/DonneeGratuite/Foret/IMAGERIE/Produits_derives_LiDAR/31H/31H08NO/MHC_31H08NO.tif,https://diffusion.mffp.gouv.qc.ca/Diffusion/DonneeGratuite/Foret/IMAGERIE/Produits_derives_LiDAR/31H/31H08NO/MNT_Ombre_31H08NO.tif,https://diffusion.mffp.gouv.qc.ca/Diffusion/DonneeGratuite/Foret/IMAGERIE/Produits_derives_LiDAR/31H/31H08NO/Pentes_31H08NO.tif,https://diffusion.mffp.gouv.qc.ca/Diffusion/DonneeGratuite/Foret/IMAGERIE/Produits_derives_LiDAR/31H/31H08NO/Courbes_31H08NO.gdb.zip,https://diffusion.mffp.gouv.qc.ca/Diffusion/DonneeGratuite/Foret/IMAGERIE/Produits_derives_LiDAR/31H/31H08NO/Courbes_31H08NO.gpkg.zip
2518,31H,MONTRÉAL,31H08NE,https://diffusion.mffp.gouv.qc.ca/Diffusion/DonneeGratuite/Foret/IMAGERIE/Produits_derives_LiDAR/31H/31H08NE/,https://diffusion.mffp.gouv.qc.ca/Diffusion/DonneeGratuite/Foret/IMAGERIE/Produits_derives_LiDAR/31H/31H08NE/MNT_31H08NE.tif,https://diffusion.mffp.gouv.qc.ca/Diffusion/DonneeGratuite/Foret/IMAGERIE/Produits_derives_LiDAR/31H/31H08NE/MHC_31H08NE.tif,https://diffusion.mffp.gouv.qc.ca/Diffusion/DonneeGratuite/Foret/IMAGERIE/Produits_derives_LiDAR/31H/31H08NE/MNT_Ombre_31H08NE.tif,https://diffusion.mffp.gouv.qc.ca/Diffusion/DonneeGratuite/Foret/IMAGERIE/Produits_derives_LiDAR/31H/31H08NE/Pentes_31H08NE.tif,https://diffusion.mffp.gouv.qc.ca/Diffusion/DonneeGratuite/Foret/IMAGERIE/Produits_derives_LiDAR/31H/31H08NE/Courbes_31H08NE.gdb.zip,https://diffusion.mffp.gouv.qc.ca/Diffusion/DonneeGratuite/Foret/IMAGERIE/Produits_derives_LiDAR/31H/31H08NE/Courbes_31H08NE.gpkg.zip
2519,21E,SHERBROOKE,21E05NO,https://diffusion.mffp.gouv.qc.ca/Diffusion/DonneeGratuite/Foret/IMAGERIE/Produits_derives_LiDAR/21E/21E05NO/,https://diffusion.mffp.gouv.qc.ca/Diffusion/DonneeGratuite/Foret/IMAGERIE/Produits_derives_LiDAR/21E/21E05NO/MNT_21E05NO.tif,https://diffusion.mffp.gouv.qc.ca/Diffusion/DonneeGratuite/Foret/IMAGERIE/Produits_derives_LiDAR/21E/21E05NO/MHC_21E05NO.tif,https://diffusion.mffp.gouv.qc.ca/Diffusion/DonneeGratuite/Foret/IMAGERIE/Produits_derives_LiDAR/21E/21E05NO/MNT_Ombre_21E05NO.tif,https://diffusion.mffp.gouv.qc.ca/Diffusion/DonneeGratuite/Foret/IMAGERIE/Produits_derives_LiDAR/21E/21E05NO/Pentes_21E05NO.tif,https://diffusion.mffp.gouv.qc.ca/Diffusion/DonneeGratuite/Foret/IMAGERIE/Produits_derives_LiDAR/21E/21E05NO/Courbes_21E05NO.gdb.zip,https://diffusion.mffp.gouv.qc.ca/Diffusion/DonneeGratuite/Foret/IMAGERIE/Produits_derives_LiDAR/21E/21E05NO/Courbes_21E05NO.gpkg.zip
2520,21E,SHERBROOKE,21E05NE,https://diffusion.mffp.gouv.qc.ca/Diffusion/DonneeGratuite/Foret/IMAGERIE/Produits_derives_LiDAR/21E/21E05NE/,https://diffusion.mffp.gouv.qc.ca/Diffusion/DonneeGratuite/Foret/IMAGERIE/Produits_derives_LiDAR/21E/21E05NE/MNT_21E05NE.tif,https://diffusion.mffp.gouv.qc.ca/Diffusion/DonneeGratuite/Foret/IMAGERIE/Produits_derives_LiDAR/21E/21E05NE/MHC_21E05NE.tif,https://diffusion.mffp.gouv.qc.ca/Diffusion/DonneeGratuite/Foret/IMAGERIE/Produits_derives_LiDAR/21E/21E05NE/MNT_Ombre_21E05NE.tif,https://diffusion.mffp.gouv.qc.ca/Diffusion/DonneeGratuite/Foret/IMAGERIE/Produits_derives_LiDAR/21E/21E05NE/Pentes_21E05NE.tif,https://diffusion.mffp.gouv.qc.ca/Diffusion/DonneeGratuite/Foret/IMAGERIE/Produits_derives_LiDAR/21E/21E05NE/Courbes_21E05NE.gdb.zip,https://diffusion.mffp.gouv.qc.ca/Diffusion/DonneeGratuite/Foret/IMAGERIE/Produits_derives_LiDAR/21E/21E05NE/Courbes_21E05NE.gpkg.zip
2532,31H,MONTRÉAL,31H07SE,https://diffusion.mffp.gouv.qc.ca/Diffusion/DonneeGratuite/Foret/IMAGERIE/Produits_derives_LiDAR/31H/31H07SE/,https://diffusion.mffp.gouv.qc.ca/Diffusion/DonneeGratuite/Foret/IMAGERIE/Produits_derives_LiDAR/31H/31H07SE/MNT_31H07SE.tif,https://diffusion.mffp.gouv.qc.ca/Diffusion/DonneeGratuite/Foret/IMAGERIE/Produits_derives_LiDAR/31H/31H07SE/MHC_31H07SE.tif,https://diffusion.mffp.gouv.qc.ca/Diffusion/DonneeGratuite/Foret/IMAGERIE/Produits_derives_LiDAR/31H/31H07SE/MNT_Ombre_31H07SE.tif,https://diffusion.mffp.gouv.qc.ca/Diffusion/DonneeGratuite/Foret/IMAGERIE/Produits_derives_LiDAR/31H/31H07SE/Pentes_31H07SE.tif,https://diffusion.mffp.gouv.qc.ca/Diffusion/DonneeGratuite/Foret/IMAGERIE/Produits_derives_LiDAR/31H/31H07SE/Courbes_31H07SE.gdb.zip,https://diffusion.mffp.gouv.qc.ca/Diffusion/DonneeGratuite/Foret/IMAGERIE/Produits_derives_LiDAR/31H/31H07SE/Courbes_31H07SE.gpkg.zip
2533,31H,MONTRÉAL,31H08SO,https://diffusion.mffp.gouv.qc.ca/Diffusion/DonneeGratuite/Foret/IMAGERIE/Produits_derives_LiDAR/31H/31H08SO/,https://diffusion.mffp.gouv.qc.ca/Diffusion/DonneeGratuite/Foret/IMAGERIE/Produits_derives_LiDAR/31H/31H08SO/MNT_31H08SO.tif,https://diffusion.mffp.gouv.qc.ca/Diffusion/DonneeGratuite/Foret/IMAGERIE/Produits_derives_LiDAR/31H/31H08SO/MHC_31H08SO.tif,https://diffusion.mffp.gouv.qc.ca/Diffusion/DonneeGratuite/Foret/IMAGERIE/Produits_derives_LiDAR/31H/31H08SO/MNT_Ombre_31H08SO.tif,https://diffusion.mffp.gouv.qc.ca/Diffusion/DonneeGratuite/Foret/IMAGERIE/Produits_derives_LiDAR/31H/31H08SO/Pentes_31H08SO.tif,https://diffusion.mffp.gouv.qc.ca/Diffusion/DonneeGratuite/Foret/IMAGERIE/Produits_derives_LiDAR/31H/31H08SO/Courbes_31H08SO.gdb.zip,https://diffusion.mffp.gouv.qc.ca/Diffusion/DonneeGratuite/Foret/IMAGERIE/Produits_derives_LiDAR/31H/31H08SO/Courbes_31H08SO.gpkg.zip
2534,31H,MONTRÉAL,31H08SE,https://diffusion.mffp.gouv.qc.ca/Diffusion/DonneeGratuite/Foret/IMAGERIE/Produits_derives_LiDAR/31H/31H08SE/,https://diffusion.mffp.gouv.qc.ca/Diffusion/DonneeGratuite/Foret/IMAGERIE/Produits_derives_LiDAR/31H/31H08SE/MNT_31H08SE.tif,https://diffusion.mffp.gouv.qc.ca/Diffusion/DonneeGratuite/Foret/IMAGERIE/Produits_derives_LiDAR/31H/31H08SE/MHC_31H08SE.tif,https://diffusion.mffp.gouv.qc.ca/Diffusion/DonneeGratuite/Foret/IMAGERIE/Produits_derives_LiDAR/31H/31H08SE/MNT_Ombre_31H08SE.tif,https://diffusion.mffp.gouv.qc.ca/Diffusion/DonneeGratuite/Foret/IMAGERIE/Produits_derives_LiDAR/31H/31H08SE/Pentes_31H08SE.tif,https://diffusion.mffp.gouv.qc.ca/Diffusion/DonneeGratuite/Foret/IMAGERIE/Produits_derives_LiDAR/31H/31H08SE/Courbes_31H08SE.gdb.zip,https://diffusion.mffp.gouv.qc.ca/Diffusion/DonneeGratuite/Foret/IMAGERIE/Produits_derives_LiDAR/31H/31H08SE/Courbes_31H08SE.gpkg.zip
2535,21E,SHERBROOKE,21E05SO,https://diffusion.mffp.gouv.qc.ca/Diffusion/DonneeGratuite/Foret/IMAGERIE/Produits_derives_LiDAR/21E/21E05SO/,https://diffusion.mffp.gouv.qc.ca/Diffusion/DonneeGratuite/Foret/IMAGERIE/Produits_derives_LiDAR/21E/21E05SO/MNT_21E05SO.tif,https://diffusion.mffp.gouv.qc.ca/Diffusion/DonneeGratuite/Foret/IMAGERIE/Produits_derives_LiDAR/21E/21E05SO/MHC_21E05SO.tif,https://diffusion.mffp.gouv.qc.ca/Diffusion/DonneeGratuite/Foret/IMAGERIE/Produits_derives_LiDAR/21E/21E05SO/MNT_Ombre_21E05SO.tif,https://diffusion.mffp.gouv.qc.ca/Diffusion/DonneeGratuite/Foret/IMAGERIE/Produits_derives_LiDAR/21E/21E05SO/Pentes_21E05SO.tif,https://diffusion.mffp.gouv.qc.ca/Diffusion/DonneeGratuite/Foret/IMAGERIE/Produits_derives_LiDAR/21E/21E05SO/Courbes_21E05SO.gdb.zip,https://diffusion.mffp.gouv.qc.ca/Diffusion/DonneeGratuite/Foret/IMAGERIE/Produits_derives_LiDAR/21E/21E05SO/Courbes_21E05SO.gpkg.zip
2536,21E,SHERBROOKE,21E05SE,https://diffusion.mffp.gouv.qc.ca/Diffusion/DonneeGratuite/Foret/IMAGERIE/Produits_derives_LiDAR/21E/21E05SE/,https://diffusion.mffp.gouv.qc.ca/Diffusion/DonneeGratuite/Foret/IMAGERIE/Produits_derives_LiDAR/21E/21E05SE/MNT_21E05SE.tif,https://diffusion.mffp.gouv.qc.ca/Diffusion/DonneeGratuite/Foret/IMAGERIE/Produits_derives_LiDAR/21E/21E05SE/MHC_21E05SE.tif,https://diffusion.mffp.gouv.qc.ca/Diffusion/DonneeGratuite/Foret/IMAGERIE/Produits_derives_LiDAR/21E/21E05SE/MNT_Ombre_21E05SE.tif,https://diffusion.mffp.gouv.qc.ca/Diffusion/DonneeGratuite/Foret/IMAGERIE/Produits_derives_LiDAR/21E/21E05SE/Pentes_21E05SE.tif,https://diffusion.mffp.gouv.qc.ca/Diffusion/DonneeGratuite/Foret/IMAGERIE/Produits_derives_LiDAR/21E/21E05SE/Courbes_21E05SE.gdb.zip,https://diffusion.mffp.gouv.qc.ca/Diffusion/DonneeGratuite/Foret/IMAGERIE/Produits_derives_LiDAR/21E/21E05SE/Courbes_21E05SE.gpkg.zip
